<?xml version="1.0"?>
<doc>
    <assembly>
        <name>Blackfin.Core</name>
    </assembly>
    <members>
        <member name="T:Blackfin.Core.Collections.CachingDictionary`2">
            <summary>
            A common, thread-safe way to cache objects with a key.
            </summary>
        </member>
        <member name="M:Blackfin.Core.Collections.CachingDictionary`2.TryGetValue(`0,`1@)">
            <summary>
            Attempts to get a value out of the dictionary with the key.
            </summary>
        </member>
        <member name="M:Blackfin.Core.Collections.CachingDictionary`2.GetOrBuildValue(`0,Blackfin.Core.Collections.CachingDictionary{`0,`1}.ValueFactory)">
            <summary>
            If the key does not exist in the cache, it will call factory to build the value and insert it into the cache.
            If the key does exists, it returns the value for it.
            </summary>
        </member>
        <member name="M:Blackfin.Core.Collections.CachingDictionary`2.Clear">
            <summary>
            Clears all entries in the cache.
            </summary>
        </member>
        <member name="T:Blackfin.Core.Collections.CachingDictionary`2.ValueFactory">
            <summary>
            Defines a method that will generate a cache value from a key.
            </summary>
        </member>
        <member name="T:Blackfin.Core.Common.ContextStorage">
            <summary>
            Store items in appropriate context - if running under HTTP context, store there.
            Otherwise, store in thread context.
            </summary>
        </member>
        <member name="M:Blackfin.Core.Common.ContextStorage.Store(System.String,System.Object)">
            <summary>
            Stores the object to context storage using the specified key.  Returns
            value to indicate which context storage was used.
            </summary>
            <param name="key">The mapping key.</param>
            <param name="obj">The object to be stored.</param>
            <returns>True if stored in HTTP context, false if stored in thread context.</returns>
        </member>
        <member name="M:Blackfin.Core.Common.ContextStorage.Get(System.String)">
            <summary>
            Gets the specified object mapped to key from context storage.
            </summary>
            <param name="key">The key.</param>
            <returns>object mapped to key</returns>
        </member>
        <member name="M:Blackfin.Core.Common.ContextStorage.StoreInHttpContext(System.String,System.Object)">
            <summary>
            Stores object in HTTP context.
            </summary>
            <param name="key">The key.</param>
            <param name="obj">The object to be mapped.</param>
        </member>
        <member name="M:Blackfin.Core.Common.ContextStorage.GetFromHttpContext(System.String)">
            <summary>
            Gets object mapped to key from HTTP context.
            </summary>
            <param name="key">The key.</param>
            <returns>The object mapped to key</returns>
        </member>
        <member name="M:Blackfin.Core.Common.ContextStorage.StoreInThreadContext(System.String,System.Object)">
            <summary>
            Stores object in thread context.
            </summary>
            <param name="key">The key.</param>
            <param name="obj">The object mapped to key</param>
        </member>
        <member name="M:Blackfin.Core.Common.ContextStorage.GetFromThreadContext(System.String)">
            <summary>
            Gets object mapped to key from thread context.
            </summary>
            <param name="key">The key.</param>
            <returns>object mapped to key</returns>
        </member>
        <member name="T:Blackfin.Core.Conversion.ConvertNullable">
            <summary>
            Conversion for Nullable types.
            </summary>
        </member>
        <member name="M:Blackfin.Core.Conversion.ConvertNullable.ToInt64(System.String)">
            <summary>
            Convert string to Int64.
            </summary>
            <param name="value">The value.</param>
            <returns>Int64</returns>
        </member>
        <member name="T:Blackfin.Core.Data.Linq.IDataContext">
            <summary>
            Interface to a DataContext
            </summary>
        </member>
        <member name="M:Blackfin.Core.Data.Linq.IDataContext.SubmitChanges">
            <summary>
            Submits the changes.
            </summary>
        </member>
        <member name="M:Blackfin.Core.Data.Linq.IDataContext.SubmitChanges(System.Data.Linq.ConflictMode)">
            <summary>
            Submits the changes.
            </summary>
            <param name="conflictMode">The conflict mode.</param>
        </member>
        <member name="M:Blackfin.Core.Data.Linq.IDataContext.GetTable``1">
            <summary>
            Gets the table corresponding to this type.
            </summary>
            <typeparam name="T"></typeparam>
        </member>
        <member name="M:Blackfin.Core.Data.Linq.IDataContext.InsertOnSubmit``1(``0)">
            <summary>
            Should provide implementation for GetTable().InsertOnSubmit(entity);
            </summary>
            <typeparam name="T"></typeparam>
            <param name="entity">The entity.</param>
        </member>
        <member name="M:Blackfin.Core.Data.Linq.IDataContext.DeleteOnSubmit``1(``0)">
            <summary>
            Should provide implementation for GetTable().DeleteOnSubmit(entity);
            </summary>
            <typeparam name="T"></typeparam>
            <param name="entity">The entity.</param>
        </member>
        <member name="M:Blackfin.Core.Data.Linq.IDataContext.DeleteAllOnSubmit``1(System.Collections.Generic.IEnumerable{``0})">
            <summary>
            Should provide implementation for GetTable().DeleteAllOnSubmit(entities);
            </summary>
            <typeparam name="T"></typeparam>
            <param name="entities">The entities.</param>
        </member>
        <member name="T:Blackfin.Core.Exceptions.InvalidStateException">
            <summary>
            Exception thrown when inconsistent or invalid data is found.
            </summary>
        </member>
        <member name="M:Blackfin.Core.Exceptions.InvalidStateException.#ctor">
            <summary>
            Create a InvalidStateException.
            </summary>
        </member>
        <member name="M:Blackfin.Core.Exceptions.InvalidStateException.#ctor(System.String)">
            <summary>
            Create a InvalidStateException.
            </summary>	
            <param name="msg">A Message describing the details of the exception.</param>
        </member>
        <member name="M:Blackfin.Core.Exceptions.InvalidStateException.#ctor(System.String,System.Exception)">
            <summary>
            Create a InvalidStateException.
            </summary>
            <param name="msg">A Message describing the details of the exception</param>
            <param name="inner">Details of an inner exception</param>
        </member>
        <member name="M:Blackfin.Core.Exceptions.InvalidStateException.#ctor(System.Runtime.Serialization.SerializationInfo,System.Runtime.Serialization.StreamingContext)">
            <summary>
            Create a InvalidStateException. 
            </summary>
            <param name="info"></param>
            <param name="context"></param>
        </member>
        <member name="M:Blackfin.Core.Exceptions.InvalidStateException.GetObjectData(System.Runtime.Serialization.SerializationInfo,System.Runtime.Serialization.StreamingContext)">
            <summary>
            Streams all the exception properties into the SerializationInfo class for the given StreamingContext.
            </summary>
            <param name="info">The SerializationInfo object.</param>
            <param name="context">The StreamingContext object.</param>
            <example>
            	<code>
            		base.GetObjectData(info, context);
            		// TODO: your values here
            		info.AddValue("variableName", variableName);
            	</code>
            </example>
        </member>
        <member name="T:Blackfin.Core.Extensions.DropDownListExtensions">
            <summary>
            Extensions for the DropDownList Web Control.
            </summary>
        </member>
        <member name="M:Blackfin.Core.Extensions.DropDownListExtensions.SelectByValue(System.Web.UI.WebControls.DropDownList,System.String)">
            <summary>
            Selects by value.
            </summary>
            <param name="dropDownList">The drop down list.</param>
            <param name="value">The value.</param>
            <returns>ListItem</returns>
        </member>
        <member name="M:Blackfin.Core.Extensions.DropDownListExtensions.SelectByText(System.Web.UI.WebControls.DropDownList,System.String)">
            <summary>
            Selects the item by text.
            </summary>
            <param name="dropDownList">The drop down list.</param>
            <param name="text">The text.</param>
            <returns>selected item or null if not found</returns>
        </member>
        <member name="T:Blackfin.Core.Extensions.EnumerableExtensions">
            <summary>
            Extensions methods for IEnumerable collections.
            </summary>
        </member>
        <member name="M:Blackfin.Core.Extensions.EnumerableExtensions.IsNullOrEmpty``1(System.Collections.Generic.IEnumerable{``0})">
            <summary>
            Determines whether the specified collection is null or empty.
            </summary>
            <typeparam name="T"></typeparam>
            <param name="collection">The collection.</param>
            <returns>
            	<c>true</c> if the collection is null or empty; otherwise, <c>false</c>.
            </returns>
        </member>
        <member name="M:Blackfin.Core.Extensions.EnumerableExtensions.ForEach``1(System.Collections.Generic.IEnumerable{``0},System.Action{``0})">
            <summary>
            For Each, do.
            </summary>
            <typeparam name="T"></typeparam>
            <param name="collection">The collection.</param>
            <param name="action">The action.</param>
        </member>
        <member name="M:Blackfin.Core.Extensions.EnumerableExtensions.ContainsAtLeast``1(System.Collections.Generic.IEnumerable{``0},System.Int32)">
            <summary>
            Determines whether the enumeration contains at least count items.
            </summary>
            <remarks>This is from Omer van Kloeten's blog: http://weblogs.asp.net/okloeten/archive/2008/04/06/6070885.aspx</remarks>
            <typeparam name="T"></typeparam>
            <param name="enumeration">The enumeration.</param>
            <param name="count">The count.</param>
            <returns>
            	<c>true</c> if the enumeration has at least count items.
            </returns>
        </member>
        <member name="M:Blackfin.Core.Extensions.EnumerableExtensions.AggregationOrDefault``1(System.Collections.Generic.IEnumerable{``0},System.Func{System.Collections.Generic.IEnumerable{``0},``0})">
            <summary>
            Return the aggregationMethod result, or default is the enumeration is empty.
            </summary>
            <remarks>This is from Omer van Kloeten's blog: http://weblogs.asp.net/okloeten/archive/2008/04/06/6070885.aspx</remarks>
            <typeparam name="T"></typeparam>
            <param name="enumeration">The enumeration.</param>
            <param name="aggregationMethod">The aggregation method.</param>
            <returns>result of aggregationMethod or Default is enumeration is empty.</returns>
        </member>
        <member name="M:Blackfin.Core.Extensions.EnumerableExtensions.Join(System.Collections.Generic.IEnumerable{System.String},System.String,System.String,System.String)">
            <summary>
            Joins each string in the enumerable, prepends the start string, and appends the end string.
            </summary>
        </member>
        <member name="M:Blackfin.Core.Extensions.EnumerableExtensions.Join(System.Collections.Generic.IEnumerable{System.String},System.String)">
            <summary>
            Joins each string in the enumerable
            </summary>
        </member>
        <member name="T:Blackfin.Core.Extensions.EnumExtensions">
            <summary>
            Helper class for interacting with Enums.
            </summary>
            <author>jwalker</author>
        </member>
        <member name="M:Blackfin.Core.Extensions.EnumExtensions.GetDescription(System.Enum)">
            <summary>
            Given an enum value, it will attempt to return the Description attribute value related to it.
            </summary>
            <example><code>
            enum Colors { [Description("Bright Yellow")] BrightYellow };
            EnumHelper.GetDescription(Colors.BrightYellow);</code> would return "Bright Yellow"
            </example>
            <remarks>
            Uses reflection, so be prepared to accept that performance hit if you use this.
            </remarks>
            <author>jwalker</author>
        </member>
        <member name="M:Blackfin.Core.Extensions.EnumExtensions.Parse``1(System.String)">
            <summary>
            Parses the specified input into an enum.
            </summary>
            <typeparam name="TEnum">The type of the enum.</typeparam>
            <param name="input">The input.</param>
            <returns>the enum value</returns>
        </member>
        <member name="M:Blackfin.Core.Extensions.EnumExtensions.TryParse``1(System.String,``0@)">
            <summary>
            Tries to parse the specified input into an enum.
            </summary>
            <typeparam name="TEnum">The type of the enum.</typeparam>
            <param name="input">The input.</param>
            <param name="result">The result, if successful.</param>
            <returns>true if successful, false otherwise.</returns>
        </member>
        <member name="M:Blackfin.Core.Extensions.EnumExtensions.TryParse``1(System.String,``0,``0@)">
            <summary>
            Tries to parse the specified input into an enum.
            </summary>
            <typeparam name="TEnum">The type of the enum.</typeparam>
            <param name="input">The input.</param>
            <param name="defaultValue">The default value to return as result, if the parsing operation fails.</param>
            <param name="result">The result, if successful.</param>
            <returns>true if successful, false otherwise.</returns>
        </member>
        <member name="M:Blackfin.Core.Extensions.EnumExtensions.ToKeyValuePair``1">
            <summary>
            Turns this Enum into a List of KeyValuePairs: the Enum Name and Value.
            </summary>
            <typeparam name="TEnum">The type of the enum.</typeparam>
            <returns>The Enum Name ("None") and the enum value (0)</returns>
        </member>
        <member name="T:Blackfin.Core.Extensions.StateBagExtensions">
            <summary>
            Extensions for StateBag object.  (Also known as "ViewState".)
            </summary>
        </member>
        <member name="M:Blackfin.Core.Extensions.StateBagExtensions.Get``1(System.Web.UI.StateBag,System.String)">
            <summary>
            Gets an item out of the bag.
            </summary>
            <typeparam name="T">Type we're retrieving</typeparam>
            <param name="bag">The bag.</param>
            <param name="name">The name of the object we want.</param>
            <returns>the object, or Default(T) if not found</returns>
        </member>
        <member name="M:Blackfin.Core.Extensions.StateBagExtensions.Get``1(System.Web.UI.StateBag,System.String,``0)">
            <summary>
            Gets an item out of the bag.
            </summary>
            <typeparam name="T">Type we're retrieving</typeparam>
            <param name="bag">The bag.</param>
            <param name="name">The name of the object we want.</param>
            <param name="defaultValue">The value to return if the key is not found.</param>
            <returns>the object, or defaultValue if not found</returns>
        </member>
        <member name="T:Blackfin.Core.Extensions.StringExtensions">
            <summary>
            Extensions for Strings
            </summary>
        </member>
        <member name="M:Blackfin.Core.Extensions.StringExtensions.TrimToMaxLength(System.String,System.Int32)">
            <summary>
            Trims the string, chopping it off at a maximum length if needed.
            </summary>
            <param name="s">The s.</param>
            <param name="maxLength">Length of the max.</param>
            <returns></returns>
        </member>
        <member name="T:Blackfin.Core.Logging.DebuggerWriter">
            <summary>
            Implements a <see cref="T:System.IO.TextWriter"/> for writing information to the debugger log.
            </summary>
            <remarks>From: http://www.u2u.info/Blogs/Kris/Lists/Posts/Post.aspx?ID=11</remarks>
            <seealso cref="M:System.Diagnostics.Debugger.Log(System.Int32,System.String,System.String)"/>
        </member>
        <member name="M:Blackfin.Core.Logging.DebuggerWriter.#ctor">
            <summary>
            Initializes a new instance of the <see cref="T:Blackfin.Core.Logging.DebuggerWriter"/> class.
            </summary>
        </member>
        <member name="M:Blackfin.Core.Logging.DebuggerWriter.#ctor(System.String)">
            <summary>
            Initializes a new instance of the <see cref="T:Blackfin.Core.Logging.DebuggerWriter"/> class with the specified level and category.
            </summary>
            <param name="category">The category of the messages.</param>
        </member>
        <member name="M:Blackfin.Core.Logging.DebuggerWriter.#ctor(System.String,System.IFormatProvider)">
            <summary>
            Initializes a new instance of the <see cref="T:Blackfin.Core.Logging.DebuggerWriter"/> class with the specified level, category and format provider.
            </summary>
            <param name="category">The category of the messages.</param>
            <param name="formatProvider">An <see cref="T:System.IFormatProvider"/> object that controls formatting.</param>
        </member>
        <member name="M:Blackfin.Core.Logging.DebuggerWriter.Dispose(System.Boolean)">
            <summary>
            Releases the unmanaged resources used by the <see cref="T:System.IO.TextWriter"/> and optionally releases the managed resources.
            </summary>
            <param name="disposing">true to release both managed and unmanaged resources; false to release only unmanaged resources.</param>
        </member>
        <member name="M:Blackfin.Core.Logging.DebuggerWriter.Write(System.Char)">
            <summary>
            Writes a character to the text stream.
            </summary>
            <param name="value">The character to write to the text stream.</param>
            <exception cref="T:System.ObjectDisposedException">The <see cref="T:System.IO.TextWriter"/> is closed. </exception>
            <exception cref="T:System.IO.IOException">An I/O error occurs. </exception>
        </member>
        <member name="M:Blackfin.Core.Logging.DebuggerWriter.Write(System.String)">
            <summary>
            Writes a string to the text stream.
            </summary>
            <param name="value">The string to write.</param>
            <exception cref="T:System.ObjectDisposedException">The <see cref="T:System.IO.TextWriter"/> is closed. </exception>
            <exception cref="T:System.IO.IOException">An I/O error occurs. </exception>
        </member>
        <member name="M:Blackfin.Core.Logging.DebuggerWriter.Write(System.Char[],System.Int32,System.Int32)">
            <summary>
            Writes a subarray of characters to the text stream.
            </summary>
            <param name="buffer">The character array to write data from.</param>
            <param name="index">Starting index in the buffer.</param>
            <param name="count">The number of characters to write.</param>
            <exception cref="T:System.ArgumentException">The buffer length minus <paramref name="index"/> is less than <paramref name="count"/>. </exception>
            <exception cref="T:System.ArgumentNullException">The <paramref name="buffer"/> parameter is null. </exception>
            <exception cref="T:System.ArgumentOutOfRangeException">
            	<paramref name="index"/> or <paramref name="count"/> is negative. </exception>
            <exception cref="T:System.ObjectDisposedException">The <see cref="T:System.IO.TextWriter"/> is closed. </exception>
            <exception cref="T:System.IO.IOException">An I/O error occurs. </exception>
        </member>
        <member name="M:Blackfin.Core.Logging.DebuggerWriter.InternalWrite(System.String)">
            <summary>
            Internals the write.
            </summary>
            <param name="value">The value.</param>
        </member>
        <member name="P:Blackfin.Core.Logging.DebuggerWriter.Encoding">
            <summary>
            When overridden in a derived class, returns the <see cref="T:System.Text.Encoding"/> in which the output is written.
            </summary>
            <value></value>
            <returns>The Encoding in which the output is written.</returns>
        </member>
        <member name="P:Blackfin.Core.Logging.DebuggerWriter.Category">
            <summary>
            Gets the category.
            </summary>
            <value>The category.</value>
        </member>
        <member name="T:Blackfin.Core.Logging.LogWriter">
            <summary>
            Write Messages to Common.Logging.
            </summary>
        </member>
        <member name="M:Blackfin.Core.Logging.LogWriter.#ctor(System.Type)">
            <summary>
            Initializes a new instance of the <see cref="T:Blackfin.Core.Logging.LogWriter"/> class.
            </summary>
            <param name="type">The type.</param>
        </member>
        <member name="M:Blackfin.Core.Logging.LogWriter.#ctor(System.Type,Common.Logging.LogLevel)">
            <summary>
            Initializes a new instance of the <see cref="T:Blackfin.Core.Logging.LogWriter"/> class.
            </summary>
            <param name="type">The logger source type.</param>
            <param name="level">The log level.</param>
        </member>
        <member name="M:Blackfin.Core.Logging.LogWriter.Dispose(System.Boolean)">
            <summary>
            Releases the unmanaged resources used by the <see cref="T:System.IO.TextWriter"/> and optionally releases the managed resources.
            </summary>
            <param name="disposing">true to release both managed and unmanaged resources; false to release only unmanaged resources.</param>
        </member>
        <member name="M:Blackfin.Core.Logging.LogWriter.Write(System.Char)">
            <summary>
            Writes a character to the text stream.
            </summary>
            <param name="value">The character to write to the text stream.</param>
            <exception cref="T:System.ObjectDisposedException">The <see cref="T:System.IO.TextWriter"/> is closed. </exception>
            <exception cref="T:System.IO.IOException">An I/O error occurs. </exception>
        </member>
        <member name="M:Blackfin.Core.Logging.LogWriter.Write(System.String)">
            <summary>
            Writes a string to the text stream.
            </summary>
            <param name="value">The string to write.</param>
            <exception cref="T:System.ObjectDisposedException">The <see cref="T:System.IO.TextWriter"/> is closed. </exception>
            <exception cref="T:System.IO.IOException">An I/O error occurs. </exception>
        </member>
        <member name="M:Blackfin.Core.Logging.LogWriter.Write(System.Char[],System.Int32,System.Int32)">
            <summary>
            Writes a subarray of characters to the text stream.
            </summary>
            <param name="buffer">The character array to write data from.</param>
            <param name="index">Starting index in the buffer.</param>
            <param name="count">The number of characters to write.</param>
            <exception cref="T:System.ArgumentException">The buffer length minus <paramref name="index"/> is less than <paramref name="count"/>. </exception>
            <exception cref="T:System.ArgumentNullException">The <paramref name="buffer"/> parameter is null. </exception>
            <exception cref="T:System.ArgumentOutOfRangeException">
                <paramref name="index"/> or <paramref name="count"/> is negative. </exception>
            <exception cref="T:System.ObjectDisposedException">The <see cref="T:System.IO.TextWriter"/> is closed. </exception>
            <exception cref="T:System.IO.IOException">An I/O error occurs. </exception>
        </member>
        <member name="M:Blackfin.Core.Logging.LogWriter.Log(System.String)">
            <summary>
            Writes a message to Common.Log 
            </summary>
            <param name="message"></param>
        </member>
        <member name="P:Blackfin.Core.Logging.LogWriter.Encoding">
            <summary>
            When overridden in a derived class, returns the <see cref="T:System.Text.Encoding"/> in which the output is written.
            </summary>
            <value></value>
            <returns>The Encoding in which the output is written.</returns>
        </member>
        <member name="T:Blackfin.Core.Resources.ResourceManager">
            <summary>
            Utility class for retrieving various files that are embededded resources in an assembly.
            </summary>
        </member>
        <member name="M:Blackfin.Core.Resources.ResourceManager.GetResource``1(System.String)">
            <summary>
            Gets an embedded resource in the Assembly that type exists in.
            </summary>
            <param name="filename">The filename.</param>
            <returns>a stream to the resource</returns>
        </member>
        <member name="M:Blackfin.Core.Resources.ResourceManager.GetResource(System.Type,System.String)">
            <summary>
            Gets an embedded resource in the Assembly that type exists in.
            </summary>
            <param name="type">The type.</param>
            <param name="filename">The filename.</param>
            <returns>a stream to the resource</returns>
        </member>
        <member name="M:Blackfin.Core.Resources.ResourceManager.GetResource(System.Enum)">
            <summary>
            Gets an embedded resource with a filename equal to the description of the passed in enum.
            </summary>
        </member>
        <member name="M:Blackfin.Core.Resources.ResourceManager.GetXmlSchema(System.Type,System.String)">
            <summary>
            Gets an embedded XML Schema file.
            </summary>
        </member>
    </members>
</doc>
